Accuracy,Precision,Recall,F1-Score
0.8141592920353983,0.705655526992288,0.9289340101522843,0.802045288531775
